1,2,3,4a,5,6,7,8,9,10,4b,11,12,13,14,15,16,17,18,19,20,21,22,23,24,25,26,27,28,29,30,31,32,33,34,35a,35b,36,37,38
0,1,0,0,0,0,1,0,1,0,0,0,0,0,0,0,0,0,0,0,0,0,0,0,0,0,0,1,0,1,1,1,1,1,1,1,1,1,1,1
156.189129,18.2879235,5.716667,8.566563,11.007572,10.880978,9.684331,2.427521,4.158846,3.273735,3.159486,24.500709,15.467863,9.442495,2.654616,10.687915,10.381178,10.239155,4.409629,6.347418,2.586409,13.5000,5.0000,6.7735,45.3744,4.6778,61.2316,3.4172,38.0549,61.7947,2.6250,7.6650,9.1305,109.000005,77.900004,3.8500005,12.874485,15.68750125,24.354284,7.507038
2.41657,4.7563565,2.636593,28.591272,5.203077,1.333333,0.93578,1.026989,3.207831,11.775922,334.650392,6.280596,12.076594,4.27611,5.679131,5.645551,4.085532,6.080133,1.603661,9.286883,3.725162,10.5000,2.0000,17.1359,49.8421,3.8389,0.6260,5.3891,1.0750,3.0000,9.2250,26.3608,47.3818,8.450001,18.200001,15.3000015,11.874525,2.52083375,102.931744,18.381962
15.799369,2.534259,6.110195,21.399258,15.192085,23.163785,0.65088,7.85432,17.613728,0.801862,16.769501,9.37071,26.041005,14.197997,10.005517,5.612543,23.519362,7.449763,0.618056,1.566667,3.30711,2.2500,11.0000,4.7585,2.5415,2.4111,14.6932,1.7754,2.4750,6.3250,1.0500,11.3028,14.3960,110.4500055,9.075,8.524857,19.1992335,1.97916625,74.06526,12.1519
225.597393,1.5736245,12.175269,6.8,1.553463,16.43652,0.684817,1.203545,2.706110,1.670329,52.90152,59.515376,12.929225,4.289512,3.841982,14.824464,33.072611,6.714988,3.257293,1.766667,2.004475,3.0000,0.5000,5.1090,2.7228,4.8516,12.1659,6.7122,6.2500,208.3667,5.2500,48.3742,94.5109,1.4749995,105.173298,2.649894,6.49974,7.5416675,3.228572,15.213512
10.966667,33.813675,4.216213,2.55,31.027056,0.851981,19.476464,6.464309,42.143022,3.524489,2.188325,134.231032,13.178661,12.915327,2.388532,2.087968,15.050323,1.152553,4.09219,4.300621,2.455421,7.5000,5.0000,9.9340,5.6276,2.2471,25.2106,5.5801,6.1000,1.9749,2.4500,6.1283,17.6890,41.0000025,47.0481195,5.974761,4.699812,8.87698375,10.047942,339.78767
139.470914,7.11883725,0.666667,45.365077,11.976437,1.920764,6.030022,6.489081,28.788647,3.273825,3.256988,20.060965,21.647933,2.104641,10.205968,14.624125,2.187886,3.440884,0.551389,6.764978,3.658115,5.2500,7.0000,2.6671,2.8011,1.7210,21.7697,4.1814,4.1000,18.0993,33.1750,9.2546,190.6506,291.7888695,36.5985375,30.4737825,4.274829,10.91623,36.816858,2.842752
1.283282,47.06964675,90.938504,15.138062,9.05378,40.289339,32.755925,7.917656,1.904601,3.140367,203.701154,6.213686,1.587077,10.306147,0.968719,10.272671,1.520099,1.085791,27.39415,22.616653,1.904206,6.0000,7.0000,3.8302,18.2632,5.2829,50.0435,7.1184,3.1500,1.7749,8.1000,16.4155,221.9005,33.2986695,47.8730865,10.199592,6.6872325,6.08309,61.13934,66.143024
3.24987,49.13441225,6.45,25.000001,22.466063,9.404152,0.818445,7.51655,3.357395,1.971148,131.374185,23.051236,6.430828,11.792864,1.436706,6.815149,3.09022,7.717039,1.569965,3.858654,4.292904,2.2500,5.0000,3.3632,64.9800,8.3648,14.2206,5.8321,4.6750,6.4747,4.3250,14.5466,16.2377,27.3989055,4.724811,4.949802,15.474381,14.66608,4.805798,199.91442
317.92063,5.15277525,27.941385,35.426619,44.866073,3.841882,0.785544,5.68752,61.511559,4.275994,74.882677,0.918353,6.213709,1.853962,32.605638,9.02003,8.903006,5.245011,22.065516,3.19092,4.626951,8.1000,16.0000,15.0233,18.8157,7.4499,1.9547,5.4792,8.5250,1.1500,5.3750,6.3136,18.5670,24.4990215,70.272192,27.5488995,2.349906,14.624415,10.843552,245.025466
92.66296,3.14583325,28.465197,40.114956,22.048728,13.212638,0.784613,1.779213,1.177242,3.741526,13.463219,3.474435,1.870747,1.73717,5.863014,17.18878,0.835296,3.17359,1.8,12.326822,1.068989,1.5000,19.0000,3.4659,6.0228,15.1394,1.0263,5.6195,4.9750,46.9731,33.3000,13.8673,82.4375,34.1736345,1.724931,14.899404,14.899404,8.3121675,30.793738,91.313478
3.566524,29.502571,2.683333,288.772003,31.828903,19.259357,3.307502,1.854140,1.653873,1.035737,29.532213,2.538942,6.09686,4.844173,1.787249,1.153236,8.66922,2.121305,5.458174,1.937617,6.330675,1.1400,1.5000,4.9749,8.3554,4.8485,14.7621,23.6273,4.0000,45.0482,3.7000,30.6129,75.0416,143.944248,33.7236525,30.9987615,9.124635,7.7288575,43.245082,213.780126
110.678911,31.897432,13.9826,40.981862,17.229748,6.597844,11.87602,3.608018,5.762286,1.804018,36.831251,15.517882,20.512112,12.594682,1.553271,2.571266,2.706012,9.955293,4.635469,6.380789,1.236,1.5000,10.0000,5.1801,1.6600,15.9957,12.6708,35.9545,3.4750,14.3994,1.6250,18.8291,80.7412,0,15.049398,20.2991895,1.74993,8.6454875,7.84693,173.917598
1.033292,10.7333345,14.382615,15.065933,5.244916,23.836398,32.806271,3.13187,15.25895,1.536758,193.394941,12.444027,11.575996,2.639084,25.539879,1.753826,13.229328,11.69279,4.610015,2.939912,0.703586,1.5000,16.0000,22.4542,14.9609,9.2346,38.2794,2.4833,3.3250,1.5999,14.6750,27.3220,9.3226,0,4.699812,24.9490035,2.949882,27.51973375,6.542946,737.979558
4.949802,59.20833625,16.74928,134.513812,21.013459,2.238112,13.312557,11.074448,2.405442,3.19061,39.437357,12.694804,13.062115,12.076743,13.981253,3.674619,7.516559,21.647824,6.263835,4.693655,6.470695,3.0000,31.0000,2.8406,2.8496,11.6891,34.3112,1.2342,1.3250,57.4477,4.6750,13.9990,3.1049,0,52.6728945,6.549738,33.2236725,7.6871925,51.719796,17.980742
19.465889,134.85998225,31.523131,33.455964,10.857168,6.597964,1.469939,3.30729,32.697096,4.610095,1.971062,21.330647,5.144815,7.633666,15.718094,8.719282,5.47888,27.761467,8.581788,5.696002,0.837083,9.0000,15.0000,11.2583,7.6809,9.2868,4.5270,3.8682,6.1250,6.6997,7.3750,25.5355,17.2569,0,3.299868,9.24963,12.474501,2.1040825,2.769348,13.570616
95.662844,81.268901,25.158894,10.665437,1.770649,28.312868,21.898537,3.08207,57.452598,5.178023,10.97423,34.660168,14.916207,4.54359,56.742579,7.49992,1.336266,15.618152,15.346418,20.044426,7.556546,1.5000,5.0000,7.8900,2.4986,14.4580,1.5382,57.4886,8.1500,176.1055,10.8750,8.1161,29.1218,0,58.097679,17.024319,58.172676,3.624855,236.746956,52.98701
19.499221,48.27080825,19.382617,4.666667,17.154766,9.821678,2.756085,3.657863,1.377924,2.655821,7.834061,11.224878,5.11132,6.864987,15.467441,11.291787,5.111338,10.406374,22.775282,11.484747,1.202636,4.5000,1.0000,2.9710,2.4654,53.3316,57.1508,2.1308,1.6250,229.0908,3.0750,18.5594,25.5164,0,63.222474,43.110777,15.24939,10.1037625,25.831588,1061.342106
3.516526,82.91699325,6.532586,2.383333,3.724847,19.209197,0.668244,4.485033,193.152887,8.702569,3.140289,4.643714,1.636904,1.403523,6.848512,3.942117,13.730402,3.390859,47.183941,2.437786,1.753976,3.0000,34.0000,16.0045,3.4504,18.4869,9.2633,65.1905,2.0500,56.9727,2.6000,5.0132,87.5086,0,31.0987575,21.8741265,17.6992935,8.041345,163.711974,348.289454
10.99956,53.230359,13.549307,2.666667,1.870838,2.82292,26.775941,3.332346,102.880499,3.374232,53.368194,87.009621,1.870821,1.452798,1.386506,2.288425,9.487674,23.184493,1.317152,6.439174,2.872978,6.7500,1.0000,31.4970,6.6623,42.3834,3.7719,10.3850,4.2250,122.1461,13.5250,15.5431,12.5460,0,45.0731985,4.649814,39.7734105,4.3539925,16.716432,1.431176
104.645818,5.9797815,22.507948,11.549198,21.932871,21.561545,150.767109,5.712708,329.453,1.119423,66.020896,4.543252,4.910979,5.462007,17.188015,2.973178,2.271683,0.534722,7.039167,2.6059,3.073351,3.0000,4.0000,6.4869,2.4204,8.2491,92.3711,14.7474,1.4500,5.3998,18.3250,32.4234,39.0708,0,12.674493,10.274589,19.3492275,7.5621975,155.779944,24.518424
4.83314,79.15096525,2.033333,8.75,8.818472,9.490219,280.170609,1.9542,153.690110,6.413872,5.905032,1.486805,3.106896,3.942079,18.12345,8.518824,7.149282,62.254704,63.924621,16.519926,2.856442,6.7500,7.0000,11.0356,5.1381,27.5206,27.6622,5.2622,4.1500,183.6677,5.1000,51.7484,17.1582,0,4.299828,10.474581,31.3987455,4.781095,43.367164,77.83694
14.832741,23.5457215,15.034091,77.880401,5.528938,6.673623,47.421824,23.301632,15.033159,4.109138,115.422501,8.83624,5.178047,14.031154,10.456451,4.359653,4.242667,72.393735,10.857244,1.286144,3.190554,1.5000,9.0000,9.0426,12.9777,24.4536,3.8238,19.2779,8.6750,13.8244,33.0750,3.5126,15.1750,0,103.1458785,26.2989495,37.8484875,15.0416675,9.119174,0
52.347908,16.14742325,11.399945,22.531865,12.695454,14.740956,186.429781,25.807584,31.369464,7.316252,141.613724,8.084397,9.320706,8.568912,8.719529,19.526839,1.987951,9.420783,1.538436,33.156876,1.302692,0.7500,3.0000,55.1068,7.8864,2.5387,65.8596,2.8892,6.4250,25.2490,1.3250,45.0233,78.2584,0,17.274309,2.124915,39.0484395,47.8750025,46.672504,0
94.76288,29.84576,6.85806,156.944128,17.838801,27.527559,47.771977,20.795432,4.284836,2.07121,1.286189,15.684768,6.197268,4.326316,2.856177,0.768224,1.987603,0.90207,0.868056,1.620865,0.801779,1.1250,14.0000,9.1689,14.1251,129.7838,37.3467,1.8715,8.0000,1.3749,1.8750,13.0550,7.6878,0,90.3713895,13.99944,11.374545,22.6666675,165.623192,0
28.048879,451.684646,32.04927,104.012271,26.37516,10.122434,26.52573,7.779935,52.867292,4.409779,49.701612,25.640297,8.752494,5.746037,9.153811,1.469875,19.044976,2.739363,6.780501,1.536129,2.989965,1.5000,24.0000,19.6721,6.5074,15.3988,7.9742,6.0268,3.7750,7.2997,2.1000,44.0950,11.8296,0,12.049518,15.949362,2.624895,50.7500025,15.86,0
26.815595,86.0075965,22.815212,63.947802,9.722684,97.416257,1.202662,17.400918,120.341253,22.834281,47.06263,62.254712,2.889799,2.138079,1.686835,4.376463,8.68309,2.522146,51.681407,1.553453,1.102575,6.7500,87.0000,2.0412,9.3681,62.8360,54.0248,11.4926,7.0000,10.6996,10.2500,21.5279,4.2357,0,24.8990055,41.6983335,2.799888,8.7291675,80.321822,0
8.516326,281.734208,53.732216,35.198533,54.837179,19.359296,440,3.157085,3.182270,3.390549,11.826239,2.037735,3.390795,12.260527,15.702051,9.33736,4.593834,12.594747,22.892559,14.431883,5.09442,5.1000,2.0000,30.9750,3.6871,3.5324,85.5630,73.2959,2.8750,8.4247,21.0500,13.7367,4.2863,0,52.8728865,8.874645,69.772212,34.645835,6.926332,0
2.949882,1.183777,29.298529,41.14854,1.987568,13.646872,0,9.070550,2.806115,6.297429,196.242014,5.278428,3.975475,3.006602,4.098055,38.752744,1.139743,26.642417,3.323874,12.59468,3.942182,1.5000,7.0000,1.6744,35.5186,9.7963,15.7200,11.9236,6.9999,104.4476,1.5000,77.9854,3.8155,0,78.221874,7.99968,18.4742625,32.04166875,320.123082,0
35.181927,1.65849775,28.941089,25.98186,16.16927,12.026664,0,7.892067,58.304081,1.803921,17.11397,3.791552,9.303952,1.319613,1.850839,1.854048,6.760743,22.0657,48.115097,8.418906,1.88774,1.0500,48.0000,19.8214,14.0171,59.8973,6.7645,25.2647,2.4749,254.5148,15.4250,2.5253,13.4073,0,138.919449,2.524899,30.0737985,34.85416875,127.743074,0
26.698933,37.67185275,44.40688,100.979667,8.735901,33.273721,0,3.933702,165.616704,13.529918,3.825097,6.681615,5.042514,5.562337,3.220962,4.259235,12.945462,25.523245,4.893915,1.152258,2.254779,1.8000,52.0000,8.2053,3.7836,83.9901,58.5485,38.3566,4.1248,7.0497,5.7750,5.3018,16.8591,0,34.3486275,32.7486915,14.74941,10.625,16.72425,0
7.883018,51.36446875,5.533334,22.175296,18.591147,107.956325,0,9.621219,7.867301,15.244792,2.88981,10.690218,8.821543,4.125894,6.080119,3.324108,6.01326,22.750115,16.904374,15.968768,0.985714,0.7500,1.0000,4.4478,2.7169,53.7283,1.8602,104.0751,4.4998,1.6249,11.5250,4.3440,7.9571,0,17.149314,25.6989735,127.094922,23.7699725,70.735964,0
69.282892,24.4188525,26.965204,42.740223,5.812957,1.636643,0,18.691346,2.781222,3.655335,46.068724,3.407626,12.410846,3.908513,16.336446,19.109258,10.77392,1.570142,5.929766,18.875352,1.503145,6.0000,44.0000,17.2009,20.4151,7.8059,190.1203,10.6016,3.8248,9.6996,11.7750,49.7316,13.1316,0,11.924523,20.0991975,8.49966,25.22815875,23.155046,0
28.133335,4.06172375,12.883334,6.8,17.655758,14.46553,0,1.979621,121.44441,1.420159,5.261522,52.700077,12.344017,5.011133,3.958763,9.086541,11.425434,0.902044,11.658928,10.907351,5.612441,1.7500,21.0000,0.7004,16.4435,4.2302,0.7675,86.3538,9.9746,59.6226,9.4998,20.7155,69.4841,0,113.9466345,10.474581,95.8961685,7.99968,0,0
80.866671,181.55932375,10.999265,118.0,15.885148,4.409712,0,18.064938,120.692414,0.851706,25.205915,53.334814,1.586852,4.476642,10.540066,51.180221,2.104651,46.052227,87.828128,2.388626,3.223793,2.6000,15.0000,5.4321,1.6427,5.7888,13.4499,22.9220,4.2748,46.7244,4.7748,30.8274,39.3618,0,17.599296,8.924643,37.5235005,7.58303,0,0
44.566532,33.6790825,2.1,12.266667,38.351611,4.994307,0,33.27350,2.279897,3.198586,17.505399,3.791782,25.957689,13.663631,12.110051,3.524324,27.260309,0.634722,9.838429,2.589266,2.087991,4.2000,28.0000,31.5907,12.3740,15.9903,18.5812,2.5015,27.7739,135.1207,11.8495,3.6445,52.8272,0,35.4235845,6.224751,25.5989775,28.3009525,0,0
12.099517,78.16603725,17.782607,0,6.798436,15.818372,0,29.290518,1.177788,10.807434,69.620716,21.731442,4.209176,20.177992,1.219229,2.272114,15.033299,0.618056,8.802844,10.20569,7.583407,2.3000,38.0000,33.5290,9.4333,18.1850,2.8259,12.5883,56.5227,40.5484,17.0743,23.1728,36.5300,0,71.397147,9.574617,17.574297,57.768525,0,0
121.778467,16.7441645,3.733334,0,7.366279,10.130781,0,0.726123,2.780801,4.058769,77.956054,14.214853,7.048993,5.245017,11.97669,27.276998,10.473272,3.808474,9.337455,1.737162,1.486684,1.0000,2.0000,126.2911,11.7766,15.5095,3.3102,23.2147,1.1250,13.9244,30.4488,2.5620,7.1380,0,4.574817,12.774489,11.174553,8.874645,0,0
162.610169,409.0130275,12.34926,0,17.663089,16.912455,0,17.713727,23.051544,0.71834,19.894341,19.977605,34.693523,21.559029,13.93081,1.106337,2.756039,6.581069,124.525896,13.346266,1.152644,4.5000,88.0000,10.5619,5.6715,35.1066,2.3522,71.0678,8.4747,70.5972,10.5121,12.9990,70.3931,0,26.7739305,11.849526,15.124395,31.31124875,0,0
24.174034,19.14636675,21.865947,0,4.318963,14.23155,0,2.505756,2.981259,3.70873,32.104459,27.126839,15.885222,3.405516,1.636933,10.903653,2.238272,18.457736,7.884085,13.94762,12.961936,1.0000,12.0000,10.8270,3.5886,31.9043,5.1625,18.8278,4.9248,373.3079,2.6999,10.2111,31.9332,0,35.0485995,24.0990375,2.99988,3.541525,0,0
71.280485,29.7210095,4.566667,0,4.477012,6.514438,0,20.746053,38.810894,2.70553,150.416527,1.419761,7.950969,1.057449,2.839578,0.701389,42.594446,0.78494,1.03561,7.56672,9.454303,5.0000,5.0000,7.0052,22.2133,42.5943,11.4716,5.7954,3.8998,8.3497,23.4491,7.1182,65.5665,0,4.774809,39.7734105,7.624695,19.89503875,0,0
203.34939,15.6437925,22.048522,0,25.406105,9.08699,0,5.48694,4.359698,1.286242,7.216065,13.045778,15.391454,4.645989,3.157221,7.366343,7.232689,14.916542,74.147685,16.670315,1.186011,4.0000,2.5000,9.6628,1.3402,0.7756,50.0484,156.0546,9.3246,33.8973,10.3496,44.1399,4.8257,0,86.121558,18.0992775,2.099916,126.8490975,0,0
17.516668,2.59868175,19.615934,0,12.60151,2.722589,0,6.038633,101.950859,2.923151,6.18039,44.899395,4.06841,8.878038,8.251419,21.831756,48.122983,3.273717,6.748291,12.42757,3.273886,2.5000,19.5000,4.6219,9.5045,24.1393,45.5815,24.3356,5.2248,3.8750,9.7246,14.0027,18.3839,0,4.174833,9.024639,21.9741225,5.58311,0,0
71.313934,25.52028325,17.699267,0,3.400296,2.789258,0,5.486951,107.613221,2.873213,13.513178,24.353917,23.652692,3.774997,7.270243,11.525405,36.598416,18.975399,54.487411,3.15698,7.884243,12.0000,3.0000,3.4686,3.2945,27.1603,27.0892,109.1267,3.2999,2.3250,16.0994,58.8585,5.2267,0,44.6482155,5.599776,26.5489395,10.91623,0,0
223.88272,5.7318695,10.883334,0,8.845108,13.389298,0,3.883778,559.976129,5.294694,16.586722,10.590263,1.803725,3.131947,23.337605,6.581227,7.45821,26.609196,3.624697,3.875337,1.269525,4.0000,1.5000,22.3512,1.1274,5.4442,3.4552,28.5722,12.8245,8.3250,20.6992,6.1503,28.7280,0,2.6500005,11.924523,11.524539,2.83322,0,0
2.483234,8.4292005,24.715204,0,49.785079,9.595355,0,25.682058,610.216277,1.737148,32.288664,1.768501,25.172646,1.171759,20.355066,12.277212,11.066046,8.401877,91.887315,0.985423,2.956562,1.0000,1.0000,37.3355,1.9389,12.0329,22.3344,62.9410,1.4249,40.2252,90.1964,9.9354,8.2055,0,0.825,9.949602,5.574777,29.93768125,0,0
13.682787,73.30747025,38.8152,0,15.250268,7.71697,0,4.835270,180.976355,5.913158,17.170939,15.987414,7.900854,1.168056,4.87754,4.827478,34.526471,35.227938,2.455457,9.420986,5.963104,2.5000,2.0000,14.2363,0.5083,10.9847,54.1592,10.7089,3.5999,46.9481,21.5741,15.7307,10.1944,0,107.800005,11.49954,25.1489955,10.3954175,0,0
9.966268,137.150524,1.666667,0,8.201637,35.395104,0,6.890987,4.835189,2.722853,48.557619,58.879985,30.367284,11.340441,1.024797,16.620121,9.220601,2.038615,2.054628,25.172396,4.142528,2.0000,5.0000,6.4324,0.9349,18.3991,6.2635,24.9907,2.7249,2.8249,46.0482,7.9139,6.0447,0,24.9750015,5.674773,13.524459,33.74865125,0,0
0.966628,313.888757,1.533333,0,0.701521,12.293702,0,25.355286,5.813127,2.137899,3.173733,29.281639,1.620022,10.072409,7.14328,5.395249,13.73032,15.082721,5.57037,3.491102,3.391823,3.0000,33.0000,9.7792,2.7918,75.5183,7.9811,8.5637,13.9994,1.8499,20.7242,19.9360,21.7638,0,5.750001,3.424863,3.849846,11.83286,0,0
48.531394,4.54872775,12.315973,0,43.396119,24.019898,0,4.134515,36.45563,8.084508,32.80604,0.75,7.5167,5.161513,11.142626,17.138077,3.090305,2.021157,3.048613,7.567098,3.339874,1.0000,69.0000,56.2455,5.2642,9.1216,38.3726,120.9108,7.3247,2.6749,7.3747,18.2001,12.8724,0,42.550002,6.024759,1.799928,4.5623175,0,0
26.482275,3.67354925,62.814433,0,11.158003,10.105731,0,26.358356,220.687137,1.670473,61.064102,4.66969,2.722765,4.509911,2.754838,10.768188,3.158203,3.725019,2.424644,7.499571,1.920735,5.5000,1.0000,7.6232,2.0581,1.8445,140.1704,357.8058,2.8999,189.4264,1.8999,1.5398,3.7532,0,68.374875,42.2233125,36.1985535,5.66644,0,0
14.966069,53.28222375,48.947803,0,3.073497,44.013863,0,4.009047,283.690727,1.102532,64.514252,15.683706,16.887323,3.257263,41.542072,28.719257,22.732368,38.585365,2.051663,12.19378,0.986087,1.0000,15.0000,2.3982,2.2727,86.7686,2.8872,3.3545,13.1745,23.6741,0.2750,5.6623,38.7715,0,20.2741905,4.299828,16.074357,8.91631,0,0
35.831902,221.8492325,12.166667,0,13.730654,12.795429,0,13.504529,18.530702,6.514517,0,21.107379,1.202718,6.347347,0.987401,6.238868,27.995366,2.171494,2.154776,2.405264,2.866696,3.0000,14.0000,63.9807,1.6175,7.7226,7.3491,31.7475,7.1247,23.3241,0.2500,9.3146,22.6101,0,25.0989975,27.5488995,24.2740305,61.7475325,0,0
55.147796,0.9797095,16.332598,0,5.979881,13.045524,0,14.507439,81.831371,2.76039,0,50.101626,4.509943,9.2037,1.234722,5.169855,34.342784,1.503422,86.625656,18.925407,0.872505,1.0000,18.0000,17.5220,16.7954,6.3501,3.3348,25.0014,2.6749,199.3420,9.7010,82.1125,8.9110,0,60.197595,14.274429,15.624375,58.56016,0,0
12.566165,0.97888875,7.649319,0,4.125619,41.60899,0,17.563911,165.866652,7.161597,0,1.566667,19.509975,3.658074,11.324612,0.987664,3.934007,22.46661,2.689086,11.508716,6.616544,1.0000,19.0000,19.0887,3.4773,23.9509,88.0644,130.3720,1.4499,41.2734,13.6495,4.3058,15.2985,0,36.3485475,50.2729905,22.9990815,0,0,0
10.716238,132.90292225,37.81515,0,6.347369,10.439908,0,5.862914,168.572816,17.388298,0,1.274276,2.037787,6.681485,0.887733,13.026647,24.161625,0.75192,2.783876,1.654595,3.925323,1.5000,8.0000,10.3017,4.1900,1.7624,11.6146,12.0438,9.8496,233.1689,10.8246,4.9729,17.2583,0,29.8988055,23.5490595,17.574297,0,0,0
40.698374,0.4367825,19.307863,0,14.51629,27.477555,0,27.786422,116.031972,26.392033,0,21.746634,1.937726,15.885213,23.483025,2.655979,5.896411,17.563866,10.077928,2.849738,5.320136,5.5000,10.0000,9.6317,48.6430,1.9060,116.1768,24.3908,12.5245,32.2249,12.5245,45.3541,13.6473,0,74.047041,10.799568,14.574417,0,0,0
0,551.33014825,33.2742,0,14.097636,16.286012,0,5.386784,0,10.756883,0,4.386086,8.502365,1.605994,0.937818,20.12797,8.53558,27.067952,5.278655,21.95443,7.175743,6.5000,50.0000,30.5345,3.0716,50.4601,53.7573,101.0883,1.6499,128.7199,22.1741,6.3381,9.3571,0,34.1236365,41.7233325,4.24983,0,0,0
0,142.6061315,6.017131,0,2.438208,32.33837,0,16.411463,0,0.484528,0,48.590971,10.489969,9.568747,14.187759,31.970801,3.724993,15.066743,0.688364,6.848412,11.674318,3.0000,1.0000,41.8297,10.7970,25.6476,51.0163,198.6530,64.6458,89.9714,20.4992,15.0189,38.0562,0,34.561119,15.174393,13.949442,0,0,0
0,565.585517,17.118742,0,4.69376,22.89931,0,12.577652,0,3.691401,0,17.438618,1.937421,5.027904,11.363186,3.12366,9.086737,9.838449,7.713302,0.506527,3.600711,1.0000,20.0000,6.3628,18.8288,58.4000,63.3435,301.6928,8.4497,0.0000,4.0498,7.7373,20.2327,0,93.3712695,20.2991895,13.574457,0,0,0
0,134.75911225,2.55,0,9.738248,3.090125,0,6.239012,0,8.619211,0,58.236051,9.20384,6.723178,15.711744,30.283953,31.83725,48.307295,17.054377,1.868056,0.96161,1.0000,1.0000,6.0897,10.3606,5.7286,10.1574,138.7340,1.6999,0.0000,4.5748,10.9512,13.7567,0,4.299828,13.474461,18.3742665,0,0,0
0,94.7955365,40.031869,0,2.472168,5.328384,0,3.407514,0,21.213715,0,0,37.700224,5.019473,2.969368,4.250868,24.270483,3.908495,44.866216,13.059632,2.403705,4.0000,8.0000,14.8776,7.8271,9.6885,4.5712,337.1033,6.9247,0.0000,9.0746,37.4862,6.2500,0,115.4953845,17.374305,40.1733945,0,0,0
0,131.56047275,50.014473,0,14.88297,8.485621,0,4.359522,0,8.535533,0,0,3.407398,6.480998,25.269682,9.178794,37.733692,4.593444,19.175745,6.932047,4.968884,0.0000,73.0000,8.7162,5.9938,1.8000,17.9985,341.1642,2.9999,0.0000,7.3997,33.9770,16.8779,0,125.64498,18.1492755,11.224551,0,0,0
0,373.87696325,13.783334,0,13.964226,4.092329,0,25.181052,0,4.710472,0,0,8.936485,5.813115,5.470637,19.376389,1.17349,1.603568,1.207031,2.489979,0.931403,0.0000,12.0000,18.5105,9.4632,22.2564,50.9103,54.1527,10.1246,0.0000,7.5247,3.0868,7.7980,0,83.921646,9.24963,10.174593,0,0,0
0,1.5620465,14.199262,0,27.327249,27.37727,0,22.32464,0,5.579004,0,0,5.879638,2.300443,2.463674,24.20364,94.755965,2.933983,1.952055,5.962085,5.148721,0.0000,2.5000,3.4928,0.4111,7.8590,15.0301,0,8.2497,0.0000,7.9497,2.0432,5.1078,0,261.9395325,33.2486715,42.6482955,0,0,0
0,3.7620765,10.091456,0,11.525574,9.830143,0,1.102089,0,4.51009,0,0,11.007726,2.261889,0.833828,6.072073,9.320517,7.990427,7.731726,11.542268,4.184194,0.0000,80.0000,2.2278,4.2518,8.2798,25.4746,0,16.4993,0.0000,16.9493,5.0167,15.5413,0,45.5981775,21.7491315,28.3238685,0,0,0
0,7.4727345,8.216592,0,25.172603,5.002729,0,23.602653,0,9.136868,0,0,15.634751,15.582349,4.319148,20.152504,7.29951,1.637166,61.269163,2.283978,3.983979,0.0000,13.0000,20.6741,38.1852,0.0000,8.9854,0,15.9494,0.0000,12.6745,7.0063,0,0,86.221554,13.824447,39.549432,0,0,0
0,250.87910225,12.150413,0,9.153446,3.424268,0,9.270146,0,2.672619,0,0,12.377359,3.667086,0.866334,21.38082,7.800596,18.457369,1.883908,0.137847,1.932971,0,0,44.4276,33.4082,0.0000,4.0368,0,57.8973,0.0000,58.3727,17.9718,0,0,39.7234125,6.49974,15.874365,0,0,0
0,67.35651475,14.299429,0,17.12124,2.939885,0,3.78339,0,3.524542,0,0,3.791759,14.690061,15.19424,32.522013,1.273017,11.859678,12.097131,0.933661,1.363425,0,0,11.3025,1.1184,0.0000,6.5963,0,21.3249,0.0000,79.3731,1.7721,0,0,32.4237045,11.924523,14.649414,0,0,0
0,17.2520845,6.241516,0,38.769317,3.45762,0,20.745837,0,6.948565,0,0,2.488828,2.257145,4.936098,16.386335,9.008158,4.008653,37.600144,3.910616,2.636011,0,0,9.0926,9.9229,0.0000,1.8571,0,0.8500,0.0000,9.6496,7.4862,0,0,0,10.899564,5.349786,0,0,0
0,24.1143595,2.816667,0,21.648275,2.839623,0,12.578508,0,3.992196,0,0,7.783902,6.228312,5.403465,32.873002,7.424895,20.779676,2.867097,16.703692,2.213677,0,0,15.2449,27.5218,0.0000,13.3023,0,7.9250,0.0000,1.2999,33.1065,0,0,0,12.524499,10.649574,0,0,0
0,1.562834,8.916667,0,8.251503,8.351847,0,14.656803,0,5.896417,0,0,1.803981,10.573719,12.753417,15.166831,9.80492,1.750387,4.073108,7.257767,4.139312,0,0,12.0171,0.0000,0.0000,153.8925,0,5.7500,0.0000,2.1999,25.6100,0,0,0,28.8488475,21.6491355,0,0,0
0,220.6099105,11.949268,0,18.290547,5.662559,0,16.548965,0,1.419724,0,0,9.988836,7.624936,1.481937,10.306626,29.665765,1.042349,3.083305,30.175287,4.259482,0,0,2.7203,0.0000,0.0000,39.5140,0,19.4500,0.0000,25.9490,7.4631,0,0,0,3.274869,32.0237205,0,0,0
0,272.92042925,31.081865,0,12.22719,34.994264,0,5.411838,0,9.354464,0,0,8.48544,22.725505,9.901431,9.06986,32.722609,1.586877,1.7991,16.486604,2.083964,0,0,14.6794,0.0000,0.0000,25.7705,0,5.1500,0.0000,6.4247,36.2473,0,0,0,21.2741505,2.849886,0,0,0
0,0,25.399267,0,17.088971,49.376292,0,8.607327,0,3.540815,0,0,7.767245,1.717202,28.413199,5.127843,23.184679,13.894161,3.240267,11.959759,4.789587,0,0,8.5582,0.0000,0.0000,0.9113,0,3.3500,0.0000,3.0499,9.9523,0,0,0,13.549458,36.1985535,0,0,0
0,0,0,0,15.049453,5.46212,0,1.251921,0,4.543479,0,0,7.516886,11.946344,13.028776,3.525119,2.083992,20.211505,6.647894,7.224328,2.65011,0,0,5.6583,0.0000,0.0000,15.2632,0,2.0500,0.0000,3.4999,6.6237,0,0,0,15.849366,7.99968,0,0,0
0,0,0,0,10.890752,10.038662,0,2.944010,0,13.04547,0,0,50.946256,8.168082,1.433762,10.890181,1.18785,0.7736,6.180665,9.813477,6.603793,0,0,15.2683,0.0000,0.0000,25.7468,0,9.7250,0.0000,11.9995,46.0490,0,0,0,3.824847,27.2239125,0,0,0
0,0,0,0,7.432285,6.130269,0,10.523252,0,5.445546,0,0,3.507516,13.751495,8.28784,18.507681,1.427151,6.041263,6.814893,2.2339,2.000057,0,0,38.6241,0.0000,0.0000,5.9137,0,7.0000,0.0000,22.3491,53.5213,0,0,0,7.899684,14.24943,0,0,0
0,0,0,0,11.475452,4.944368,0,3.93381,0,1.820607,0,0,9.821864,7.111411,10.339413,30.835309,13.45794,4.718807,11.208122,5.549946,0.704366,0,0,2.4285,0.0000,0.0000,98.9907,0,3.2750,0.0000,6.9997,13.7978,0,0,0,45.1731945,26.3739465,0,0,0
0,0,0,0,11.659158,12.043454,0,12.051786,0,13.897694,0,0,8.886547,11.391872,35.545663,23.301696,7.7338,5.03612,43.680147,13.112485,3.434863,0,0,33.6081,0.0000,0.0000,41.0234,0,13.3997,0.0000,19.4492,2.7370,0,0,0,2.99988,21.9991215,0,0,0
0,0,0,0,4.109075,17.572384,0,21.923597,0,22.14048,0,0,29.866129,7.541731,8.234904,3.500327,3.275129,14.782844,12.627972,13.413031,8.827244,0,0,7.5039,0.0000,0.0000,68.0975,0,1.2000,0.0000,10.7496,32.9097,0,0,0,2.074917,9.624615,0,0,0
0,0,0,0,9.287251,6.864992,0,15.784796,0,6.188668,0,0,8.618998,14.340093,8.702475,52.206278,4.834973,34.509973,11.141406,4.568509,1.616693,0,0,54.1201,0.0000,0.0000,2.1757,0,36.3250,0.0000,7.3997,8.9651,0,0,0,4.074837,22.2741105,0,0,0
0,0,0,0,2.30512,7.349634,0,27.73652,0,1.987784,0,0,53.401829,1.600672,22.182751,24.721506,6.505658,10.289299,38.401792,5.286681,2.436781,0,0,1.7075,0.0000,0.0000,75.1968,0,8.1250,0.0000,20.3242,8.9066,0,0,0,12.224511,13.624455,0,0,0
0,0,0,0,4.543416,58.663507,0,5.606451,0,3.240279,0,0,0.801625,2.536857,18.006318,10.096043,1.341747,1.190733,5.913009,2.050626,3.772187,0,0,4.9625,0.0000,0.0000,6.9993,0,17.9497,0.0000,8.3747,4.2744,0,0,0,15.874365,15.424383,0,0,0
0,0,0,0,15.217392,9.587903,0,3.325968,0,7.617029,0,0,0.935395,23.18151,1.950679,14.091011,7.478014,5.457396,41.709224,4.547294,4.100709,0,0,47.7257,0.0000,0.0000,22.8207,0,60.4726,0.0000,46.9481,156.6497,0,0,0,32.3987055,11.224551,0,0,0
0,0,0,0,11.991367,10.974152,0,6.564177,0,15.133482,0,0,14.181381,3.916857,5.348912,3.458218,3.791595,8.902997,2.588939,3.650672,0.750107,0,0,11.9028,0.0000,0.0000,15.9440,0,3.0749,0.0000,42.6233,10.4417,0,0,0,4.24983,9.799608,0,0,0
0,0,0,0,8.637352,1.904395,0,18.403418,0,23.602593,0,0,14.933113,2.150677,1.483925,3.933214,1.600564,17.138301,3.825342,26.883691,2.256558,0,0,17.1618,0.0000,0.0000,2.7562,0,8.2747,0.0000,4.9748,60.9500,0,0,0,100.1709975,22.9740825,0,0,0
0,0,0,0,6.965394,20.962885,0,5.412018,0,6.547479,0,0,17.254916,4.697835,3.244403,3.433247,9.607577,1.200328,2.271679,8.059601,6.977492,0,0,4.2603,0.0000,0.0000,65.8529,0,6.6997,0.0000,6.8247,6.5073,0,0,0,21.9241245,37.8734865,0,0,0
0,0,0,0,25.873983,24.353967,0,19.142813,0,15.935448,0,0,40.924155,10.489982,11.324031,21.363215,2.991742,3.168953,2.789495,30.308885,1.113589,0,0,3.3561,0.0000,0.0000,2.9359,0,5.6998,0.0000,28.0489,11.9476,0,0,0,16.699332,10.899564,0,0,0
0,0,0,0,6.798535,4.259438,0,2.655479,0,5.295001,0,0,3.992241,14.782839,11.325042,38.019186,25.955733,16.40985,11.091163,1.617216,1.502506,0,0,8.6326,0.0000,0.0000,12.3581,0,1.8051,0.0000,18.9992,4.9303,0,0,0,8.149674,107.5457025,0,0,0
0,0,0,0,12.544583,34.342785,0,7.767552,0,7.817564,0,0,6.514249,3.892037,41.458694,6.987882,24.778796,7.36633,5.92978,32.474944,1.311062,0,0,32.2085,0.0000,0.0000,17.6611,0,8.1260,0.0000,87.3715,6.5623,0,0,0,36.5985375,11.574537,0,0,0
0,0,0,0,4.142534,3.775044,0,21.84816,0,1.970685,0,0,1.019113,4.651981,31.987364,2.576586,12.469279,13.496636,3.257298,6.915336,2.369593,0,0,13.6464,0.0000,0.0000,41.8898,0,2.1000,0.0000,10.1496,25.4446,0,0,0,12.474501,87.521502,0,0,0
0,0,0,0,15.986079,3.273909,0,8.117936,0,8.936454,0,0,4.927621,2.966479,9.888556,20.108191,17.079317,16.08581,1.803974,3.558402,7.471824,0,0,10.0632,0.0000,0.0000,4.8444,0,0.5000,0.0000,1.5249,96.3407,0,0,0,3.849846,19.0992375,0,0,0
0,0,0,0,14.932166,28.513184,0,2.93127,0,2.138209,0,0,9.554362,16.317963,1.500592,9.378952,32.498479,17.322603,5.361897,2.133462,1.000028,0,0,8.5810,0.0000,0.0000,0.0000,0,2.5750,0.0000,32.1739,0,0,0,0,30.9487635,7.024719,0,0,0
0,0,0,0,18.90859,4.910931,0,8.268498,0,19.459803,0,0,4.927662,2.137833,2.936408,3.808436,20.094718,0,17.814656,6.384913,2.877725,0,0,4.5827,0.0000,0.0000,0.0000,0,1.3000,0.0000,0.9750,0,0,0,0,11.124555,9.199632,0,0,0
0,0,0,0,23.836509,11.784425,0,13.981094,0,1.403021,0,0,5.662418,7.834229,7.18878,14.933247,15.701275,0,1.771638,2.284017,5.601488,0,0,12.3678,0.0000,0.0000,0.0000,0,1.8000,0.0000,40.4984,0,0,0,0,69.947205,6.574737,0,0,0
0,0,0,0,14.164337,3.983812,0,15.985404,0,2.889653,0,0,15.901945,3.62479,7.099116,2.891614,11.909712,0,4.934726,26.429663,1.400652,0,0,2.2266,0.0000,0.0000,0.0000,0,6.4750,0.0000,4.0748,0,0,0,0,4.399824,7.924683,0,0,0
0,0,0,0,12.009991,6.430917,0,3.908502,0,7.783963,0,0,14.014421,5.637217,5.595801,11.957928,1.96728,0,41.3918,4.735574,6.608801,0,0,3.0921,0.0000,0.0000,0.0000,0,26.9944,0.0000,4.9498,0,0,0,0,15.524379,0.149994,0,0,0
0,0,0,0,10.573447,15.634878,0,1.65341,0,3.357367,0,0,6.614638,29.089465,33.106631,11.792711,8.255347,0,9.745548,1.599926,4.443193,0,0,2.6507,0.0000,0.0000,0.0000,0,47.5481,0.0000,4.8748,0,0,0,0,6.424743,2.699892,0,0,0
0,0,0,0,14.381845,24.203413,0,4.485122,0,6.063375,0,0,10.089043,40.874056,2.358414,8.802943,20.862913,0,11.150622,4.847694,0.95,0,0,4.1098,0.0000,0.0000,0.0000,0,7.0997,0.0000,5.8248,0,0,0,0,4.099836,13.374465,0,0,0
0,0,0,0,20.144629,10.913417,0,9.220235,0,7.550119,0,0,5.311728,5.102873,2.364002,17.93995,64.581873,0,44.281732,3.416613,1.435747,0,0,16.0275,0.0000,0.0000,0.0000,0,7.4747,0.0000,39.0234,0,0,0,0,20.6741745,3.024879,0,0,0
0,0,0,0,44.96631,4.354067,0,8.89487,0,4.593602,0,0,1.469904,5.30343,2.455413,1.500352,4.161342,0,2.889444,16.402303,6.648902,0,0,19.1593,0.0000,0.0000,0.0000,0,11.9245,0.0000,2.5249,0,0,0,0,12.149514,6.74973,0,0,0
0,0,0,0,13.964325,22.148937,0,6.639759,0,7.967615,0,0,4.359671,2.54175,8.34006,3.503375,16.178607,0,14.031177,27.711421,4.058135,0,0,5.2552,0.0000,0.0000,0.0000,0,2.9749,0.0000,10.0496,0,0,0,0,3.949842,60.472584,0,0,0
0,0,0,0,23.685763,1.536582,0,11.751153,0,4.276165,0,0,12.293971,2.060267,28.345806,17.167239,12.895034,0,15.417599,10.406396,1.185863,0,0,26.1178,0.0000,0.0000,0.0000,0,24.8240,0.0000,17.5493,0,0,0,0,7.649694,9.049638,0,0,0
0,0,0,0,10.15611,48.290418,0,7.041482,0,5.445268,0,0,9.253799,4.19251,10.693794,48.023085,7.249161,0,13.162699,6.263951,5.042864,0,0,6.5294,0.0000,0.0000,0.0000,0,11.7495,0.0000,6.4997,0,0,0,0,4.674813,7.699692,0,0,0
0,0,0,0,10.088785,2.254928,0,2.804928,0,7.316248,0,0,11.826202,18.115229,0,7.383091,16.52713,0,0.068056,2.923332,2.716667,0,0,1.7126,0.0000,0.0000,0.0000,0,9.2996,0.0000,35.5986,0,0,0,0,8.374665,34.1736345,0,0,0
0,0,0,0,4.643677,11.52554,0,7.66731,0,12.026605,0,0,33.641246,7.257875,0,1.102556,1.789092,0,12.20878,5.328207,3.356897,0,0,28.7844,0.0000,0.0000,0.0000,0,7.7997,0.0000,45.2232,0,0,0,0,51.8729265,11.324547,0,0,0
0,0,0,0,16.152372,7.032254,0,14.457575,0,2.873007,0,0,49.45961,5.829345,0,31.21941,6.262668,0,4.208514,7.984568,1.921337,0,0,11.7502,0.0000,0.0000,0.0000,0,1.7999,0.0000,15.6244,0,0,0,0,25.1001,11.174553,0,0,0
0,0,0,0,1.536746,7.633625,0,9.194481,0,1.286505,0,0,2.151179,16.845651,0,3.557508,17.423062,0,4.101773,5.344926,1.402522,0,0,0.0000,0.0000,0.0000,0.0000,0,4.3998,0.0000,1.3249,0,0,0,0,4.949802,25.4989815,0,0,0
0,0,0,0,4.52669,3.891922,0,18.992784,0,2.83946,0,0,2.350539,16.804115,0,2.305305,10.815474,0,2.108227,4.209331,7.608502,0,0,0.0000,0.0000,0.0000,0.0000,0,11.3495,0.0000,1.5749,0,0,0,0,31.0737585,5.274789,0,0,0
0,0,0,0,12.277266,25.807209,0,2.104598,0,23.468607,0,0,20.45376,1.433808,0,20.612252,6.14705,0,6.28526,5.412167,4.142592,0,0,0.0000,0.0000,0.0000,0.0000,0,7.6247,0.0000,10.4246,0,0,0,0,2.649894,43.5482595,0,0,0
0,0,0,0,6.146901,7.950952,0,15.483938,0,16.536782,0,0,27.427627,9.106059,0,24.454417,10.707087,0,3.257147,0.985466,2.572372,0,0,0.0000,0.0000,0.0000,0.0000,0,1.3249,0.0000,15.7244,0,0,0,0,30.1737945,9.549618,0,0,0
0,0,0,0,40.840717,27.059989,0,19.117599,0,7.466395,0,0,9.888247,34.727187,0,2.872958,3.458197,0,6.422589,4.07575,3.140463,0,0,0.0000,0.0000,0.0000,0.0000,0,1.5499,0.0000,1.6749,0,0,0,0,10.649574,0,0,0,0
0,0,0,0,7.650205,6.180356,0,17.588855,0,4.44311,0,0,7.466577,4.05069,0,10.540122,26.190717,0,3.165399,5.495454,1.03579,0,0,0.0000,0.0000,0.0000,0.0000,0,5.2748,0.0000,6.9747,0,0,0,0,29.9988015,0,0,0,0
0,0,0,0,14.2482,29.039172,0,54.094346,0,33.340575,0,0,2.555633,1.624884,0,3.591105,1.974993,0,14.131397,4.092493,1.085477,0,0,0.0000,0.0000,0.0000,0.0000,0,7.7247,0.0000,5.9498,0,0,0,0,14.699412,0,0,0,0
0,0,0,0,6.19697,4.960987,0,19.142468,0,10.105934,0,0,13.46347,32.175091,0,7.616876,4.213982,0,34.37643,10.890717,5.862948,0,0,0.0000,0.0000,0.0000,0.0000,0,2.4749,0.0000,5.1498,0,0,0,0,17.599296,0,0,0,0
0,0,0,0,18.02329,8.167743,0,3.056915,0,7.215849,0,0,2.405322,26.425082,0,5.913223,12.185107,0,6.280278,1.787267,1.170256,0,0,0.0000,0.0000,0.0000,0.0000,0,38.7485,0.0000,47.6231,0,0,0,0,5.024799,0,0,0,0
0,0,0,0,10.190465,35.912908,0,23.50226,0,3.457597,0,0,5.645616,26.642391,0,5.044261,4.376883,0,24.069937,0.90205,0.951389,0,0,0.0000,0.0000,0.0000,0.0000,0,5.1248,0.0000,5.0248,0,0,0,0,3.949842,0,0,0,0
0,0,0,0,21.780381,0,0,5.060774,0,16.236242,0,0,0,22.967373,0,19.083018,4.666362,0,2.104677,23.986501,1.452985,0,0,0.0000,0.0000,0.0000,0.0000,0,37.1235,0.0000,39.5734,0,0,0,0,0,0,0,0,0
0,0,0,0,1.069056,0,0,5.46209,0,4.209108,0,0,0,1.558145,0,29.040514,9.397724,0,27.64488,11.943086,2.121256,0,0,0.0000,0.0000,0.0000,0.0000,0,53.6979,0.0000,3.8248,0,0,0,0,0,0,0,0,0
0,0,0,0,8.669173,0,0,2.179964,0,7.616759,0,0,0,16.756928,0,43.446197,6.313807,0,31.402648,1.787311,0.835258,0,0,0.0000,0.0000,0.0000,0.0000,0,0,0.0000,9.1996,0,0,0,0,0,0,0,0,0
0,0,0,0,54.621203,0,0,25.080504,0,3.50786,0,0,0,6.046713,0,1.38638,4.805532,0,57.77836,2.772837,0.85184,0,0,0.0000,0.0000,0.0000,0.0000,0,0,0.0000,5.9748,0,0,0,0,0,0,0,0,0
0,0,0,0,1.670211,0,0,16.18586,0,4.576601,0,0,0,1.954575,0,0,15.723768,0,26.659115,4.142695,3.157084,0,0,0.0000,0.0000,0.0000,0.0000,0,0,0.0000,12.5995,0,0,0,0,0,0,0,0,0
0,0,0,0,0.6684,0,0,1.603743,0,10.506762,0,0,0,57.310108,0,0,1.469474,0,48.306876,2.438602,1.102303,0,0,0.0000,0.0000,0.0000,0.0000,0,0,0.0000,2.2749,0,0,0,0,0,0,0,0,0
0,0,0,0,3.691447,0,0,3.582686,0,7.266104,0,0,0,18.591171,0,0,3.658154,0,17.853215,5.261796,6.564605,0,0,0.0000,0.0000,0.0000,0.0000,0,0,0.0000,6.9997,0,0,0,0,0,0,0,0,0
0,0,0,0,17.472424,0,0,3.558108,0,3.257189,0,0,0,3.775093,0,0,1.787604,0,6.358678,22.366194,1.720474,0,0,0.0000,0.0000,0.0000,0.0000,0,0,0.0000,10.7246,0,0,0,0,0,0,0,0,0
0,0,0,0,15.099599,0,0,5.1111,0,4.693781,0,0,0,9.83836,0,0,0,0,2.614086,0.837115,3.591372,0,0,0.0000,0.0000,0.0000,0.0000,0,0,0.0000,12.3995,0,0,0,0,0,0,0,0,0
0,0,0,0,25.890677,0,0,9.044901,0,2.054546,0,0,0,0.902248,0,0,0,0,14.031143,3.523398,1.252688,0,0,0.0000,0.0000,0.0000,0.0000,0,0,0.0000,23.7990,0,0,0,0,0,0,0,0,0
0,0,0,0,3.591293,0,0,8.995542,0,2.923337,0,0,0,2.037753,0,0,0,0,85.639965,12.877582,2.989926,0,0,0.0000,0.0000,0.0000,0.0000,0,0,0.0000,20.5242,0,0,0,0,0,0,0,0,0
0,0,0,0,27.694733,0,0,6.137867,0,1.536496,0,0,0,0.601389,0,0,0,0,26.299937,9.387501,3.157011,0,0,0.0000,0.0000,0.0000,0.0000,0,0,0.0000,4.7248,0,0,0,0,0,0,0,0,0
0,0,0,0,2.856298,0,0,31.996601,0,8.502205,0,0,0,2.722484,0,0,0,0,24.863421,0.952118,1.269633,0,0,0.0000,0.0000,0.0000,0.0000,0,0,0.0000,3.3374,0,0,0,0,0,0,0,0,0
0,0,0,0,3.507855,0,0,24.428873,0,7.950882,0,0,0,4.627007,0,0,0,0,6.798246,10.523374,7.483243,0,0,0.0000,0.0000,0.0000,0.0000,0,0,0.0000,23.1127,0,0,0,0,0,0,0,0,0
0,0,0,0,13.179164,0,0,14.957120,0,9.320592,0,0,0,2.52219,0,0,0,0,24.036645,4.560118,2.889407,0,0,0.0000,0.0000,0.0000,0.0000,0,0,0.0000,22.7741,0,0,0,0,0,0,0,0,0
0,0,0,0,2.555619,0,0,11.789549,0,6.581427,0,0,0,6.788454,0,0,0,0,4.092446,21.027936,1.38668,0,0,0.0000,0.0000,0.0000,0.0000,0,0,0.0000,13.1245,0,0,0,0,0,0,0,0,0
0,0,0,0,28.663574,0,0,2.843570,0,2.889602,0,0,0,3.634278,0,0,0,0,9.855166,6.725443,8.118982,0,0,0.0000,0.0000,0.0000,0.0000,0,0,0.0000,4.8998,0,0,0,0,0,0,0,0,0
0,0,0,0,24.187094,0,0,9.446117,0,3.290644,0,0,0,17.389079,0,0,0,0,1.290438,14.774285,8.484488,0,0,0.0000,0.0000,0.0000,0.0000,0,0,0.0000,10.5746,0,0,0,0,0,0,0,0,0
0,0,0,0,11.825988,0,0,3.407465,0,3.958746,0,0,0,2.054408,0,0,0,0,3.003241,1.035501,1.887462,0,0,0.0000,0.0000,0.0000,0.0000,0,0,0.0000,48.9231,0,0,0,0,0,0,0,0,0
0,0,0,0,2.221625,0,0,14.707553,0,6.831847,0,0,0,9.821727,0,0,0,0,6.204601,2.872978,8.184792,0,0,0.0000,0.0000,0.0000,0.0000,0,0,0.0000,41.0000,0,0,0,0,0,0,0,0,0
0,0,0,0,10.540068,0,0,5.962986,0,1.803935,0,0,0,8.919793,0,0,0,0,21.389058,9.344909,0.75159,0,0,0.0000,0.0000,0.0000,0.0000,0,0,0.0000,17.2750,0,0,0,0,0,0,0,0,0
0,0,0,0,12.377472,0,0,9.340716,0,6.096987,0,0,0,10.840657,0,0,0,0,77.722203,4.920045,13.296464,0,0,0.0000,0.0000,0.0000,0.0000,0,0,0.0000,41.5000,0,0,0,0,0,0,0,0,0
0,0,0,0,7.733679,0,0,14.178084,0,1.47007,0,0,0,3.20715,0,0,0,0,9.529567,0.774817,7.63349,0,0,0.0000,0.0000,0.0000,0.0000,0,0,0.0000,6.1500,0,0,0,0,0,0,0,0,0
0,0,0,0,5.746324,0,0,5.883866,0,6.481229,0,0,0,31.302696,0,0,0,0,49.85237,2.301389,2.922956,0,0,0.0000,0.0000,0.0000,0.0000,0,0,0.0000,4.7750,0,0,0,0,0,0,0,0,0
0,0,0,0,9.253786,0,0,4.848386,0,14.782341,0,0,0,1.737325,0,0,0,0,17.972854,11.022241,3.650632,0,0,0.0000,0.0000,0.0000,0.0000,0,0,0.0000,11.2250,0,0,0,0,0,0,0,0,0
0,0,0,0,7.840655,0,0,9.796809,0,1.319595,0,0,0,11.642583,0,0,0,0,11.375478,36.48046,4.333804,0,0,0.0000,0.0000,0.0000,0.0000,0,0,0.0000,26.5250,0,0,0,0,0,0,0,0,0
0,0,0,0,3.367326,0,0,4.760478,0,31.553064,0,0,0,6.748255,0,0,0,0,5.438625,29.281606,2.241526,0,0,0.0000,0.0000,0.0000,0.0000,0,0,0.0000,53.5750,0,0,0,0,0,0,0,0,0
0,0,0,0,3.875258,0,0,1.854669,0,7.483418,0,0,0,13.646757,0,0,0,0,5.485398,1.904147,1.768056,0,0,0.0000,0.0000,0.0000,0.0000,0,0,0.0000,48.8000,0,0,0,0,0,0,0,0,0
0,0,0,0,8.953188,0,0,2.655672,0,7.0822,0,0,0,6.639717,0,0,0,0,26.725902,5.921433,1.402537,0,0,0.0000,0.0000,0.0000,0.0000,0,0,0.0000,16.6500,0,0,0,0,0,0,0,0,0
0,0,0,0,1.987758,0,0,2.931083,0,2.488926,0,0,0,10.131664,0,0,0,0,2.641627,3.18201,3.724783,0,0,0.0000,0.0000,0.0000,0.0000,0,0,0.0000,6.9500,0,0,0,0,0,0,0,0,0
0,0,0,0,4.125774,0,0,5.336627,0,15.667971,0,0,0,27.426636,0,0,0,0,22.698022,1.306717,0.887958,0,0,0.0000,0.0000,0.0000,0.0000,0,0,0.0000,30.3250,0,0,0,0,0,0,0,0,0
0,0,0,0,5.411989,0,0,9.095403,0,4.075812,0,0,0,23.669032,0,0,0,0,29.715876,8.297911,10.854774,0,0,0.0000,0.0000,0.0000,0.0000,0,0,0.0000,75.2847,0,0,0,0,0,0,0,0,0
0,0,0,0,8.819543,0,0,9.070023,0,3.557823,0,0,0,6.314016,0,0,0,0,7.408052,35.478843,7.132798,0,0,0.0000,0.0000,0.0000,0.0000,0,0,0.0000,2.3249,0,0,0,0,0,0,0,0,0
0,0,0,0,2.639193,0,0,3.633425,0,4.827669,0,0,0,12.928736,0,0,0,0,2.649946,8.184715,3.741443,0,0,0.0000,0.0000,0.0000,0.0000,0,0,0.0000,11.0246,0,0,0,0,0,0,0,0,0
0,0,0,0,1.43651,0,0,12.777725,0,6.28018,0,0,0,39.621424,0,0,0,0,3.022541,0,1.05432,0,0,0.0000,0.0000,0.0000,0.0000,0,0,0.0000,6.1248,0,0,0,0,0,0,0,0,0
0,0,0,0,7.266098,0,0,16.060691,0,7.333197,0,0,0,70.088445,0,0,0,0,2.732214,0,5.075682,0,0,0.0000,0.0000,0.0000,0.0000,0,0,0.0000,2.1249,0,0,0,0,0,0,0,0,0
0,0,0,0,15.233932,0,0,5.211714,0,12.778081,0,0,0,2.639221,0,0,0,0,10.746121,0,2.540985,0,0,0.0000,0.0000,0.0000,0.0000,0,0,0.0000,41.2484,0,0,0,0,0,0,0,0,0
0,0,0,0,8.134541,0,0,6.364289,0,5.328549,0,0,0,10.857387,0,0,0,0,4.142544,0,4.8922,0,0,0.0000,0.0000,0.0000,0.0000,0,0,0.0000,0,0,0,0,0,0,0,0,0,0
0,0,0,0,5.428678,0,0,11.675337,0,8.40208,0,0,0,5.929786,0,0,0,0,9.086849,0,0.941134,0,0,0.0000,0.0000,0.0000,0.0000,0,0,0.0000,0,0,0,0,0,0,0,0,0,0
0,0,0,0,4.677029,0,0,8.719793,0,6.856725,0,0,0,1.353001,0,0,0,0,8.134732,0,6.659053,0,0,0.0000,0.0000,0.0000,0.0000,0,0,0.0000,0,0,0,0,0,0,0,0,0,0
0,0,0,0,10.790633,0,0,5.863106,0,10.281042,0,0,0,0,0,0,0,0,5.027532,0,1.290947,0,0,0.0000,0.0000,0.0000,0.0000,0,0,0.0000,0,0,0,0,0,0,0,0,0,0
0,0,0,0,18.023288,0,0,6.513902,0,15.450793,0,0,0,0,0,0,0,0,4.384746,0,9.750237,0,0,0.0000,0.0000,0.0000,0.0000,0,0,0.0000,0,0,0,0,0,0,0,0,0,0
0,0,0,0,11.024357,0,0,25.105746,0,9.587973,0,0,0,0,0,0,0,0,3.266593,0,1.971597,0,0,0.0000,0.0000,0.0000,0.0000,0,0,0.0000,0,0,0,0,0,0,0,0,0,0
0,0,0,0,0,0,0,4.434728,0,3.073537,0,0,0,0,0,0,0,0,5.135374,0,4.384091,0,0,0.0000,0.0000,0.0000,0.0000,0,0,0.0000,0,0,0,0,0,0,0,0,0,0
0,0,0,0,0,0,0,2.054543,0,3.390801,0,0,0,0,0,0,0,0,50.052617,0,3.249039,0,0,0.0000,0.0000,0.0000,0.0000,0,0,0.0000,0,0,0,0,0,0,0,0,0,0
0,0,0,0,0,0,0,5.512389,0,26.208027,0,0,0,0,0,0,0,0,3.791936,0,9.470885,0,0,0.0000,0.0000,0.0000,0.0000,0,0,0.0000,0,0,0,0,0,0,0,0,0,0
0,0,0,0,0,0,0,3.733239,0,8.652538,0,0,0,0,0,0,0,0,4.618589,0,1.024152,0,0,0.0000,0.0000,0.0000,0.0000,0,0,0.0000,0,0,0,0,0,0,0,0,0,0
0,0,0,0,0,0,0,1.678998,0,1.018959,0,0,0,0,0,0,0,0,3.503239,0,1.001389,0,0,0.0000,0.0000,0.0000,0.0000,0,0,0.0000,0,0,0,0,0,0,0,0,0,0
0,0,0,0,0,0,0,1.878678,0,2.355379,0,0,0,0,0,0,0,0,5.119471,0,0.768112,0,0,0.0000,0.0000,0.0000,0.0000,0,0,0.0000,0,0,0,0,0,0,0,0,0,0
0,0,0,0,0,0,0,18.741588,0,4.37628,0,0,0,0,0,0,0,0,33.908545,0,0.918415,0,0,0.0000,0.0000,0.0000,0.0000,0,0,0.0000,0,0,0,0,0,0,0,0,0,0
0,0,0,0,0,0,0,14.131082,0,1.386317,0,0,0,0,0,0,0,0,36.330324,0,1.052926,0,0,0.0000,0.0000,0.0000,0.0000,0,0,0.0000,0,0,0,0,0,0,0,0,0,0
0,0,0,0,0,0,0,11.425508,0,20.779306,0,0,0,0,0,0,0,0,16.269371,0,1.562836,0,0,0.0000,0.0000,0.0000,0.0000,0,0,0.0000,0,0,0,0,0,0,0,0,0,0
0,0,0,0,0,0,0,7.892301,0,10.707381,0,0,0,0,0,0,0,0,132.093036,0,2.51972,0,0,0.0000,0.0000,0.0000,0.0000,0,0,0.0000,0,0,0,0,0,0,0,0,0,0
0,0,0,0,0,0,0,3.958799,0,6.447265,0,0,0,0,0,0,0,0,2.221423,0,2.162664,0,0,0.0000,0.0000,0.0000,0.0000,0,0,0.0000,0,0,0,0,0,0,0,0,0,0
0,0,0,0,0,0,0,3.057129,0,9.370907,0,0,0,0,0,0,0,0,19.392917,0,2.481436,0,0,0.0000,0.0000,0.0000,0.0000,0,0,0.0000,0,0,0,0,0,0,0,0,0,0
0,0,0,0,0,0,0,12.001454,0,6.865168,0,0,0,0,0,0,0,0,0.518056,0,6.460847,0,0,0.0000,0.0000,0.0000,0.0000,0,0,0.0000,0,0,0,0,0,0,0,0,0,0
0,0,0,0,0,0,0,13.3296,0,8.151382,0,0,0,0,0,0,0,0,1.787264,0,2.016299,0,0,0.0000,0.0000,0.0000,0.0000,0,0,0.0000,0,0,0,0,0,0,0,0,0,0
0,0,0,0,0,0,0,2.229678,0,6.230695,0,0,0,0,0,0,0,0,19.50976,0,4.014157,0,0,0.0000,0.0000,0.0000,0.0000,0,0,0.0000,0,0,0,0,0,0,0,0,0,0
0,0,0,0,0,0,0,2.154828,0,18.891639,0,0,0,0,0,0,0,0,3.006639,0,3.28305,0,0,0.0000,0.0000,0.0000,0.0000,0,0,0.0000,0,0,0,0,0,0,0,0,0,0
0,0,0,0,0,0,0,42.945614,0,8.619352,0,0,0,0,0,0,0,0,11.909954,0,2.116122,0,0,0.0000,0.0000,0.0000,0.0000,0,0,0.0000,0,0,0,0,0,0,0,0,0,0
0,0,0,0,0,0,0,3.757971,0,3.123448,0,0,0,0,0,0,0,0,11.658962,0,2.412363,0,0,0.0000,0.0000,0.0000,0.0000,0,0,0.0000,0,0,0,0,0,0,0,0,0,0
0,0,0,0,0,0,0,7.29101,0,5.010958,0,0,0,0,0,0,0,0,3.057022,0,13.527016,0,0,0.0000,0.0000,0.0000,0.0000,0,0,0.0000,0,0,0,0,0,0,0,0,0,0
0,0,0,0,0,0,0,3.282404,0,2.037916,0,0,0,0,0,0,0,0,38.819323,0,2.225019,0,0,0.0000,0.0000,0.0000,0.0000,0,0,0.0000,0,0,0,0,0,0,0,0,0,0
0,0,0,0,0,0,0,5.987961,0,12.08513,0,0,0,0,0,0,0,0,0.968586,0,3.885551,0,0,0.0000,0.0000,0.0000,0.0000,0,0,0.0000,0,0,0,0,0,0,0,0,0,0
0,0,0,0,0,0,0,13.004222,0,1.712262,0,0,0,0,0,0,0,0,3.958841,0,4.663818,0,0,0.0000,0.0000,0.0000,0.0000,0,0,0.0000,0,0,0,0,0,0,0,0,0,0
0,0,0,0,0,0,0,6.159944,0,5.227888,0,0,0,0,0,0,0,0,1.486598,0,8.343017,0,0,0.0000,0.0000,0.0000,0.0000,0,0,0.0000,0,0,0,0,0,0,0,0,0,0
0,0,0,0,0,0,0,2.805863,0,4.409848,0,0,0,0,0,0,0,0,12.67813,0,4.718747,0,0,0.0000,0.0000,0.0000,0.0000,0,0,0.0000,0,0,0,0,0,0,0,0,0,0
0,0,0,0,0,0,0,6.852882,0,9.605027,0,0,0,0,0,0,0,0,32.672349,0,4.507435,0,0,0.0000,0.0000,0.0000,0.0000,0,0,0.0000,0,0,0,0,0,0,0,0,0,0
0,0,0,0,0,0,0,35.002154,0,6.647761,0,0,0,0,0,0,0,0,3.591264,0,5.645982,0,0,0.0000,0.0000,0.0000,0.0000,0,0,0.0000,0,0,0,0,0,0,0,0,0,0
0,0,0,0,0,0,0,55.923935,0,1.403241,0,0,0,0,0,0,0,0,4.008881,0,3.958599,0,0,0.0000,0.0000,0.0000,0.0000,0,0,0.0000,0,0,0,0,0,0,0,0,0,0
0,0,0,0,0,0,0,11.024649,0,8.68587,0,0,0,0,0,0,0,0,11.600843,0,3.608134,0,0,0.0000,0.0000,0.0000,0.0000,0,0,0.0000,0,0,0,0,0,0,0,0,0,0
0,0,0,0,0,0,0,7.967403,0,1.736973,0,0,0,0,0,0,0,0,19.460859,0,11.032582,0,0,0.0000,0.0000,0.0000,0.0000,0,0,0.0000,0,0,0,0,0,0,0,0,0,0
0,0,0,0,0,0,0,17.613920,0,3.440884,0,0,0,0,0,0,0,0,2.087966,0,3.073582,0,0,0.0000,0.0000,0.0000,0.0000,0,0,0.0000,0,0,0,0,0,0,0,0,0,0
0,0,0,0,0,0,0,15.058443,0,0.885485,0,0,0,0,0,0,0,0,1.65362,0,5.019359,0,0,0.0000,0.0000,0.0000,0.0000,0,0,0.0000,0,0,0,0,0,0,0,0,0,0
0,0,0,0,0,0,0,4.334714,0,0.952001,0,0,0,0,0,0,0,0,1.520093,0,1.369714,0,0,0.0000,0.0000,0.0000,0.0000,0,0,0.0000,0,0,0,0,0,0,0,0,0,0
0,0,0,0,0,0,0,4.810803,0,5.094747,0,0,0,0,0,0,0,0,2.756057,0,3.023327,0,0,0.0000,0.0000,0.0000,0.0000,0,0,0.0000,0,0,0,0,0,0,0,0,0,0
0,0,0,0,0,0,0,2.155014,0,16.135625,0,0,0,0,0,0,0,0,1.653665,0,10.239546,0,0,0.0000,0.0000,0.0000,0.0000,0,0,0.0000,0,0,0,0,0,0,0,0,0,0
0,0,0,0,0,0,0,10.322291,0,3.557872,0,0,0,0,0,0,0,0,2.104746,0,2.488733,0,0,0.0000,0.0000,0.0000,0.0000,0,0,0.0000,0,0,0,0,0,0,0,0,0,0
0,0,0,0,0,0,0,3.232139,0,5.779377,0,0,0,0,0,0,0,0,5.236613,0,1.11921,0,0,0.0000,0.0000,0.0000,0.0000,0,0,0.0000,0,0,0,0,0,0,0,0,0,0
0,0,0,0,0,0,0,87.769520,0,4.125869,0,0,0,0,0,0,0,0,0,0,1.119449,0,0,0.0000,0.0000,0.0000,0.0000,0,0,0.0000,0,0,0,0,0,0,0,0,0,0
0,0,0,0,0,0,0,4.184259,0,0.80179,0,0,0,0,0,0,0,0,0,0,1.085467,0,0,0.0000,0.0000,0.0000,0.0000,0,0,0.0000,0,0,0,0,0,0,0,0,0,0
0,0,0,0,0,0,0,12.728676,0,3.090163,0,0,0,0,0,0,0,0,0,0,4.927562,0,0,0.0000,0.0000,0.0000,0.0000,0,0,0.0000,0,0,0,0,0,0,0,0,0,0
0,0,0,0,0,0,0,7.89197,0,5.829561,0,0,0,0,0,0,0,0,0,0,0.885301,0,0,0.0000,0.0000,0.0000,0.0000,0,0,0.0000,0,0,0,0,0,0,0,0,0,0
0,0,0,0,0,0,0,13.204187,0,19.159066,0,0,0,0,0,0,0,0,0,0,2.856286,0,0,0.0000,0.0000,0.0000,0.0000,0,0,0.0000,0,0,0,0,0,0,0,0,0,0
0,0,0,0,0,0,0,10.97444,0,5.629266,0,0,0,0,0,0,0,0,0,0,5.278419,0,0,0.0000,0.0000,0.0000,0.0000,0,0,0.0000,0,0,0,0,0,0,0,0,0,0
0,0,0,0,0,0,0,10.999277,0,0,0,0,0,0,0,0,0,0,0,0,0.918663,0,0,0.0000,0.0000,0.0000,0.0000,0,0,0.0000,0,0,0,0,0,0,0,0,0,0
0,0,0,0,0,0,0,23.076200,0,0,0,0,0,0,0,0,0,0,0,0,0.534726,0,0,0.0000,0.0000,0.0000,0.0000,0,0,0.0000,0,0,0,0,0,0,0,0,0,0
0,0,0,0,0,0,0,3.130898,0,0,0,0,0,0,0,0,0,0,0,0,2.939644,0,0,0.0000,0.0000,0.0000,0.0000,0,0,0.0000,0,0,0,0,0,0,0,0,0,0
0,0,0,0,0,0,0,2.525000,0,0,0,0,0,0,0,0,0,0,0,0,1.603626,0,0,0.0000,0.0000,0.0000,0.0000,0,0,0.0000,0,0,0,0,0,0,0,0,0,0
0,0,0,0,0,0,0,7.661453,0,0,0,0,0,0,0,0,0,0,0,0,12.711418,0,0,0.0000,0.0000,0.0000,0.0000,0,0,0.0000,0,0,0,0,0,0,0,0,0,0
0,0,0,0,0,0,0,2.83074,0,0,0,0,0,0,0,0,0,0,0,0,7.884028,0,0,0.0000,0.0000,0.0000,0.0000,0,0,0.0000,0,0,0,0,0,0,0,0,0,0
0,0,0,0,0,0,0,20.683142,0,0,0,0,0,0,0,0,0,0,0,0,1.119291,0,0,0.0000,0.0000,0.0000,0.0000,0,0,0.0000,0,0,0,0,0,0,0,0,0,0
0,0,0,0,0,0,0,27.110724,0,0,0,0,0,0,0,0,0,0,0,0,1.53675,0,0,0.0000,0.0000,0.0000,0.0000,0,0,0.0000,0,0,0,0,0,0,0,0,0,0
0,0,0,0,0,0,0,10.071659,0,0,0,0,0,0,0,0,0,0,0,0,2.087924,0,0,0.0000,0.0000,0.0000,0.0000,0,0,0.0000,0,0,0,0,0,0,0,0,0,0
0,0,0,0,0,0,0,6.088985,0,0,0,0,0,0,0,0,0,0,0,0,0.873291,0,0,0.0000,0.0000,0.0000,0.0000,0,0,0.0000,0,0,0,0,0,0,0,0,0,0
0,0,0,0,0,0,0,1.903746,0,0,0,0,0,0,0,0,0,0,0,0,2.668056,0,0,0.0000,0.0000,0.0000,0.0000,0,0,0.0000,0,0,0,0,0,0,0,0,0,0
0,0,0,0,0,0,0,2.255087,0,0,0,0,0,0,0,0,0,0,0,0,0.901814,0,0,0.0000,0.0000,0.0000,0.0000,0,0,0.0000,0,0,0,0,0,0,0,0,0,0
0,0,0,0,0,0,0,18.591170,0,0,0,0,0,0,0,0,0,0,0,0,5.595789,0,0,0.0000,0.0000,0.0000,0.0000,0,0,0.0000,0,0,0,0,0,0,0,0,0,0
0,0,0,0,0,0,0,18.992330,0,0,0,0,0,0,0,0,0,0,0,0,1.018831,0,0,0.0000,0.0000,0.0000,0.0000,0,0,0.0000,0,0,0,0,0,0,0,0,0,0
0,0,0,0,0,0,0,5.361518,0,0,0,0,0,0,0,0,0,0,0,0,6.798456,0,0,0.0000,0.0000,0.0000,0.0000,0,0,0.0000,0,0,0,0,0,0,0,0,0,0
0,0,0,0,0,0,0,10.097750,0,0,0,0,0,0,0,0,0,0,0,0,1.636953,0,0,0.0000,0.0000,0.0000,0.0000,0,0,0.0000,0,0,0,0,0,0,0,0,0,0
0,0,0,0,0,0,0,9.771482,0,0,0,0,0,0,0,0,0,0,0,0,1.0524,0,0,0.0000,0.0000,0.0000,0.0000,0,0,0.0000,0,0,0,0,0,0,0,0,0,0
0,0,0,0,0,0,0,2.680922,0,0,0,0,0,0,0,0,0,0,0,0,1.002523,0,0,0.0000,0.0000,0.0000,0.0000,0,0,0.0000,0,0,0,0,0,0,0,0,0,0
0,0,0,0,0,0,0,8.042523,0,0,0,0,0,0,0,0,0,0,0,0,8.66877,0,0,0.0000,0.0000,0.0000,0.0000,0,0,0.0000,0,0,0,0,0,0,0,0,0,0
0,0,0,0,0,0,0,11.275241,0,0,0,0,0,0,0,0,0,0,0,0,12.962249,0,0,0.0000,0.0000,0.0000,0.0000,0,0,0.0000,0,0,0,0,0,0,0,0,0,0
0,0,0,0,0,0,0,14.882960,0,0,0,0,0,0,0,0,0,0,0,0,0.968714,0,0,0.0000,0.0000,0.0000,0.0000,0,0,0.0000,0,0,0,0,0,0,0,0,0,0
0,0,0,0,0,0,0,10.548696,0,0,0,0,0,0,0,0,0,0,0,0,1.917239,0,0,0.0000,0.0000,0.0000,0.0000,0,0,0.0000,0,0,0,0,0,0,0,0,0,0
0,0,0,0,0,0,0,13.003287,0,0,0,0,0,0,0,0,0,0,0,0,1.620333,0,0,0.0000,0.0000,0.0000,0.0000,0,0,0.0000,0,0,0,0,0,0,0,0,0,0
0,0,0,0,0,0,0,6.238847,0,0,0,0,0,0,0,0,0,0,0,0,9.508041,0,0,0.0000,0.0000,0.0000,0.0000,0,0,0.0000,0,0,0,0,0,0,0,0,0,0
0,0,0,0,0,0,0,3.482982,0,0,0,0,0,0,0,0,0,0,0,0,8.234899,0,0,0.0000,0.0000,0.0000,0.0000,0,0,0.0000,0,0,0,0,0,0,0,0,0,0
0,0,0,0,0,0,0,25.25588,0,0,0,0,0,0,0,0,0,0,0,0,4.393035,0,0,0.0000,0.0000,0.0000,0.0000,0,0,0.0000,0,0,0,0,0,0,0,0,0,0
0,0,0,0,0,0,0,3.65783,0,0,0,0,0,0,0,0,0,0,0,0,2.739517,0,0,0.0000,0.0000,0.0000,0.0000,0,0,0.0000,0,0,0,0,0,0,0,0,0,0
0,0,0,0,0,0,0,45.600957,0,0,0,0,0,0,0,0,0,0,0,0,1.36967,0,0,0.0000,0.0000,0.0000,0.0000,0,0,0.0000,0,0,0,0,0,0,0,0,0,0
0,0,0,0,0,0,0,24.930107,0,0,0,0,0,0,0,0,0,0,0,0,9.070199,0,0,0.0000,0.0000,0.0000,0.0000,0,0,0.0000,0,0,0,0,0,0,0,0,0,0
0,0,0,0,0,0,0,1.703976,0,0,0,0,0,0,0,0,0,0,0,0,5.411812,0,0,0.0000,0.0000,0.0000,0.0000,0,0,0.0000,0,0,0,0,0,0,0,0,0,0
0,0,0,0,0,0,0,4.760814,0,0,0,0,0,0,0,0,0,0,0,0,2.383952,0,0,0.0000,0.0000,0.0000,0.0000,0,0,0.0000,0,0,0,0,0,0,0,0,0,0
0,0,0,0,0,0,0,1.878938,0,0,0,0,0,0,0,0,0,0,0,0,1.154742,0,0,0.0000,0.0000,0.0000,0.0000,0,0,0.0000,0,0,0,0,0,0,0,0,0,0
0,0,0,0,0,0,0,5.061552,0,0,0,0,0,0,0,0,0,0,0,0,2.357984,0,0,0.0000,0.0000,0.0000,0.0000,0,0,0.0000,0,0,0,0,0,0,0,0,0,0
0,0,0,0,0,0,0,20.495075,0,0,0,0,0,0,0,0,0,0,0,0,2.421706,0,0,0.0000,0.0000,0.0000,0.0000,0,0,0.0000,0,0,0,0,0,0,0,0,0,0
0,0,0,0,0,0,0,1.678751,0,0,0,0,0,0,0,0,0,0,0,0,2.000586,0,0,0.0000,0.0000,0.0000,0.0000,0,0,0.0000,0,0,0,0,0,0,0,0,0,0
0,0,0,0,0,0,0,13.104509,0,0,0,0,0,0,0,0,0,0,0,0,4.346928,0,0,0.0000,0.0000,0.0000,0.0000,0,0,0.0000,0,0,0,0,0,0,0,0,0,0
0,0,0,0,0,0,0,1.402596,0,0,0,0,0,0,0,0,0,0,0,0,0.783894,0,0,0.0000,0.0000,0.0000,0.0000,0,0,0.0000,0,0,0,0,0,0,0,0,0,0
0,0,0,0,0,0,0,13.279241,0,0,0,0,0,0,0,0,0,0,0,0,3.184588,0,0,0.0000,0.0000,0.0000,0.0000,0,0,0.0000,0,0,0,0,0,0,0,0,0,0
0,0,0,0,0,0,0,3.007259,0,0,0,0,0,0,0,0,0,0,0,0,8.275276,0,0,0.0000,0.0000,0.0000,0.0000,0,0,0.0000,0,0,0,0,0,0,0,0,0,0
0,0,0,0,0,0,0,4.760141,0,0,0,0,0,0,0,0,0,0,0,0,7.583569,0,0,0.0000,0.0000,0.0000,0.0000,0,0,0.0000,0,0,0,0,0,0,0,0,0,0
0,0,0,0,0,0,0,3.733268,0,0,0,0,0,0,0,0,0,0,0,0,2.605721,0,0,0.0000,0.0000,0.0000,0.0000,0,0,0.0000,0,0,0,0,0,0,0,0,0,0
0,0,0,0,0,0,0,2.029187,0,0,0,0,0,0,0,0,0,0,0,0,10.306088,0,0,0.0000,0.0000,0.0000,0.0000,0,0,0.0000,0,0,0,0,0,0,0,0,0,0
0,0,0,0,0,0,0,5.260971,0,0,0,0,0,0,0,0,0,0,0,0,8.385309,0,0,0.0000,0.0000,0.0000,0.0000,0,0,0.0000,0,0,0,0,0,0,0,0,0,0
0,0,0,0,0,0,0,1.300001,0,0,0,0,0,0,0,0,0,0,0,0,7.433159,0,0,0.0000,0.0000,0.0000,0.0000,0,0,0.0000,0,0,0,0,0,0,0,0,0,0
0,0,0,0,0,0,0,2.650001,0,0,0,0,0,0,0,0,0,0,0,0,4.576806,0,0,0.0000,0.0000,0.0000,0.0000,0,0,0.0000,0,0,0,0,0,0,0,0,0,0
0,0,0,0,0,0,0,6.737229,0,0,0,0,0,0,0,0,0,0,0,0,11.976512,0,0,0.0000,0.0000,0.0000,0.0000,0,0,0.0000,0,0,0,0,0,0,0,0,0,0
0,0,0,0,0,0,0,6.35198,0,0,0,0,0,0,0,0,0,0,0,0,36.831692,0,0,0.0000,0.0000,0.0000,0.0000,0,0,0.0000,0,0,0,0,0,0,0,0,0,0
0,0,0,0,0,0,0,6.864551,0,0,0,0,0,0,0,0,0,0,0,0,1.272873,0,0,0.0000,0.0000,0.0000,0.0000,0,0,0.0000,0,0,0,0,0,0,0,0,0,0
0,0,0,0,0,0,0,11.197463,0,0,0,0,0,0,0,0,0,0,0,0,2.219377,0,0,0.0000,0.0000,0.0000,0.0000,0,0,0.0000,0,0,0,0,0,0,0,0,0,0
0,0,0,0,0,0,0,4.150001,0,0,0,0,0,0,0,0,0,0,0,0,4.149638,0,0,0.0000,0.0000,0.0000,0.0000,0,0,0.0000,0,0,0,0,0,0,0,0,0,0
0,0,0,0,0,0,0,18.878328,0,0,0,0,0,0,0,0,0,0,0,0,0.647992,0,0,0.0000,0.0000,0.0000,0.0000,0,0,0.0000,0,0,0,0,0,0,0,0,0,0
0,0,0,0,0,0,0,1.32786,0,0,0,0,0,0,0,0,0,0,0,0,12.673195,0,0,0.0000,0.0000,0.0000,0.0000,0,0,0.0000,0,0,0,0,0,0,0,0,0,0
0,0,0,0,0,0,0,3.357486,0,0,0,0,0,0,0,0,0,0,0,0,4.793973,0,0,0.0000,0.0000,0.0000,0.0000,0,0,0.0000,0,0,0,0,0,0,0,0,0,0
0,0,0,0,0,0,0,5.011676,0,0,0,0,0,0,0,0,0,0,0,0,1.66731,0,0,0.0000,0.0000,0.0000,0.0000,0,0,0.0000,0,0,0,0,0,0,0,0,0,0
0,0,0,0,0,0,0,16.911968,0,0,0,0,0,0,0,0,0,0,0,0,0.828162,0,0,0.0000,0.0000,0.0000,0.0000,0,0,0.0000,0,0,0,0,0,0,0,0,0,0
0,0,0,0,0,0,0,1.578683,0,0,0,0,0,0,0,0,0,0,0,0,3.5684,0,0,0.0000,0.0000,0.0000,0.0000,0,0,0.0000,0,0,0,0,0,0,0,0,0,0
0,0,0,0,0,0,0,6.263717,0,0,0,0,0,0,0,0,0,0,0,0,2.350221,0,0,0.0000,0.0000,0.0000,0.0000,0,0,0.0000,0,0,0,0,0,0,0,0,0,0
0,0,0,0,0,0,0,7.391166,0,0,0,0,0,0,0,0,0,0,0,0,3.021517,0,0,0.0000,0.0000,0.0000,0.0000,0,0,0.0000,0,0,0,0,0,0,0,0,0,0
0,0,0,0,0,0,0,3.758558,0,0,0,0,0,0,0,0,0,0,0,0,4.432935,0,0,0.0000,0.0000,0.0000,0.0000,0,0,0.0000,0,0,0,0,0,0,0,0,0,0
0,0,0,0,0,0,0,2.305448,0,0,0,0,0,0,0,0,0,0,0,0,1.333952,0,0,0.0000,0.0000,0.0000,0.0000,0,0,0.0000,0,0,0,0,0,0,0,0,0,0
0,0,0,0,0,0,0,2.029131,0,0,0,0,0,0,0,0,0,0,0,0,5.13036,0,0,0.0000,0.0000,0.0000,0.0000,0,0,0.0000,0,0,0,0,0,0,0,0,0,0
0,0,0,0,0,0,0,8.719229,0,0,0,0,0,0,0,0,0,0,0,0,0.700669,0,0,0.0000,0.0000,0.0000,0.0000,0,0,0.0000,0,0,0,0,0,0,0,0,0,0
0,0,0,0,0,0,0,3.207507,0,0,0,0,0,0,0,0,0,0,0,0,1.801185,0,0,0.0000,0.0000,0.0000,0.0000,0,0,0.0000,0,0,0,0,0,0,0,0,0,0
0,0,0,0,0,0,0,3.657521,0,0,0,0,0,0,0,0,0,0,0,0,1.512035,0,0,0.0000,0.0000,0.0000,0.0000,0,0,0.0000,0,0,0,0,0,0,0,0,0,0
0,0,0,0,0,0,0,13.003937,0,0,0,0,0,0,0,0,0,0,0,0,3.020005,0,0,0.0000,0.0000,0.0000,0.0000,0,0,0.0000,0,0,0,0,0,0,0,0,0,0
0,0,0,0,0,0,0,1.203114,0,0,0,0,0,0,0,0,0,0,0,0,0.932325,0,0,0.0000,0.0000,0.0000,0.0000,0,0,0.0000,0,0,0,0,0,0,0,0,0,0
0,0,0,0,0,0,0,4.685016,0,0,0,0,0,0,0,0,0,0,0,0,11.359975,0,0,0.0000,0.0000,0.0000,0.0000,0,0,0.0000,0,0,0,0,0,0,0,0,0,0
0,0,0,0,0,0,0,5.437196,0,0,0,0,0,0,0,0,0,0,0,0,6.831764,0,0,0.0000,0.0000,0.0000,0.0000,0,0,0.0000,0,0,0,0,0,0,0,0,0,0
0,0,0,0,0,0,0,5.762661,0,0,0,0,0,0,0,0,0,0,0,0,2.958368,0,0,0.0000,0.0000,0.0000,0.0000,0,0,0.0000,0,0,0,0,0,0,0,0,0,0
0,0,0,0,0,0,0,6.013223,0,0,0,0,0,0,0,0,0,0,0,0,1.182212,0,0,0.0000,0.0000,0.0000,0.0000,0,0,0.0000,0,0,0,0,0,0,0,0,0,0
0,0,0,0,0,0,0,11.626250,0,0,0,0,0,0,0,0,0,0,0,0,1.885607,0,0,0.0000,0.0000,0.0000,0.0000,0,0,0.0000,0,0,0,0,0,0,0,0,0,0
0,0,0,0,0,0,0,29.164091,0,0,0,0,0,0,0,0,0,0,0,0,1.528992,0,0,0.0000,0.0000,0.0000,0.0000,0,0,0.0000,0,0,0,0,0,0,0,0,0,0
0,0,0,0,0,0,0,19.393244,0,0,0,0,0,0,0,0,0,0,0,0,2.453285,0,0,0.0000,0.0000,0.0000,0.0000,0,0,0.0000,0,0,0,0,0,0,0,0,0,0
0,0,0,0,0,0,0,9.746508,0,0,0,0,0,0,0,0,0,0,0,0,4.181358,0,0,0.0000,0.0000,0.0000,0.0000,0,0,0.0000,0,0,0,0,0,0,0,0,0,0
0,0,0,0,0,0,0,2.605581,0,0,0,0,0,0,0,0,0,0,0,0,5.370276,0,0,0.0000,0.0000,0.0000,0.0000,0,0,0.0000,0,0,0,0,0,0,0,0,0,0
0,0,0,0,0,0,0,2.255211,0,0,0,0,0,0,0,0,0,0,0,0,20.69581,0,0,0.0000,0.0000,0.0000,0.0000,0,0,0.0000,0,0,0,0,0,0,0,0,0,0
0,0,0,0,0,0,0,9.270110,0,0,0,0,0,0,0,0,0,0,0,0,3.300686,0,0,0.0000,0.0000,0.0000,0.0000,0,0,0.0000,0,0,0,0,0,0,0,0,0,0
0,0,0,0,0,0,0,8.368983,0,0,0,0,0,0,0,0,0,0,0,0,17.612387,0,0,0.0000,0.0000,0.0000,0.0000,0,0,0.0000,0,0,0,0,0,0,0,0,0,0
0,0,0,0,0,0,0,15.058101,0,0,0,0,0,0,0,0,0,0,0,0,2.725099,0,0,0.0000,0.0000,0.0000,0.0000,0,0,0.0000,0,0,0,0,0,0,0,0,0,0
0,0,0,0,0,0,0,29.315405,0,0,0,0,0,0,0,0,0,0,0,0,0.898229,0,0,0.0000,0.0000,0.0000,0.0000,0,0,0.0000,0,0,0,0,0,0,0,0,0,0
0,0,0,0,0,0,0,2.405679,0,0,0,0,0,0,0,0,0,0,0,0,5.288068,0,0,0.0000,0.0000,0.0000,0.0000,0,0,0.0000,0,0,0,0,0,0,0,0,0,0
0,0,0,0,0,0,0,4.080662,0,0,0,0,0,0,0,0,0,0,0,0,19.351224,0,0,0.0000,0.0000,0.0000,0.0000,0,0,0.0000,0,0,0,0,0,0,0,0,0,0
0,0,0,0,0,0,0,15.386736,0,0,0,0,0,0,0,0,0,0,0,0,0,0,0,0.0000,0.0000,0.0000,0.0000,0,0,0.0000,0,0,0,0,0,0,0,0,0,0
0,0,0,0,0,0,0,3.006506,0,0,0,0,0,0,0,0,0,0,0,0,0,0,0,0.0000,0.0000,0.0000,0.0000,0,0,0.0000,0,0,0,0,0,0,0,0,0,0
0,0,0,0,0,0,0,19.944179,0,0,0,0,0,0,0,0,0,0,0,0,0,0,0,0.0000,0.0000,0.0000,0.0000,0,0,0.0000,0,0,0,0,0,0,0,0,0,0
0,0,0,0,0,0,0,21.647780,0,0,0,0,0,0,0,0,0,0,0,0,0,0,0,0.0000,0.0000,0.0000,0.0000,0,0,0.0000,0,0,0,0,0,0,0,0,0,0
0,0,0,0,0,0,0,6.138887,0,0,0,0,0,0,0,0,0,0,0,0,0,0,0,0.0000,0.0000,0.0000,0.0000,0,0,0.0000,0,0,0,0,0,0,0,0,0,0
0,0,0,0,0,0,0,3.131844,0,0,0,0,0,0,0,0,0,0,0,0,0,0,0,0.0000,0.0000,0.0000,0.0000,0,0,0.0000,0,0,0,0,0,0,0,0,0,0
0,0,0,0,0,0,0,23.30159,0,0,0,0,0,0,0,0,0,0,0,0,0,0,0,0.0000,0.0000,0.0000,0.0000,0,0,0.0000,0,0,0,0,0,0,0,0,0,0
0,0,0,0,0,0,0,2.255135,0,0,0,0,0,0,0,0,0,0,0,0,0,0,0,0.0000,0.0000,0.0000,0.0000,0,0,0.0000,0,0,0,0,0,0,0,0,0,0
0,0,0,0,0,0,0,8.844449,0,0,0,0,0,0,0,0,0,0,0,0,0,0,0,0.0000,0.0000,0.0000,0.0000,0,0,0.0000,0,0,0,0,0,0,0,0,0,0
0,0,0,0,0,0,0,2.179838,0,0,0,0,0,0,0,0,0,0,0,0,0,0,0,0.0000,0.0000,0.0000,0.0000,0,0,0.0000,0,0,0,0,0,0,0,0,0,0
0,0,0,0,0,0,0,10.648887,0,0,0,0,0,0,0,0,0,0,0,0,0,0,0,0.0000,0.0000,0.0000,0.0000,0,0,0.0000,0,0,0,0,0,0,0,0,0,0
0,0,0,0,0,0,0,8.36825,0,0,0,0,0,0,0,0,0,0,0,0,0,0,0,0.0000,0.0000,0.0000,0.0000,0,0,0.0000,0,0,0,0,0,0,0,0,0,0
0,0,0,0,0,0,0,20.796852,0,0,0,0,0,0,0,0,0,0,0,0,0,0,0,0.0000,0.0000,0.0000,0.0000,0,0,0.0000,0,0,0,0,0,0,0,0,0,0
0,0,0,0,0,0,0,14.030208,0,0,0,0,0,0,0,0,0,0,0,0,0,0,0,0.0000,0.0000,0.0000,0.0000,0,0,0.0000,0,0,0,0,0,0,0,0,0,0